<?xml version="1.0" encoding="UTF-8"?>
<project xmlns="http://maven.apache.org/POM/4.0.0" xmlns:xsi="http://www.w3.org/2001/XMLSchema-instance" xsi:schemaLocation="http://maven.apache.org/POM/4.0.0 http://maven.apache.org/maven-v4_0_0.xsd">
  <modelVersion>4.0.0</modelVersion>
  <groupId>com.zdatainc.rts.storm</groupId>
  <artifactId>rts.storm</artifactId>
  <name>rts.storm</name>
  <version>0.0.1</version>
  <url>http://maven.apache.org</url>
  <build>
    <plugins>
      <plugin>
        <artifactId>maven-compiler-plugin</artifactId>
        <version>3.0</version>
        <configuration>
          <source>1.7</source>
          <target>1.7</target>
        </configuration>
      </plugin>
      <plugin>
        <artifactId>maven-jar-plugin</artifactId>
        <version>2.4</version>
      </plugin>
      <plugin>
        <artifactId>maven-shade-plugin</artifactId>
        <version>2.3</version>
        <executions>
          <execution>
            <phase>package</phase>
            <goals>
              <goal>shade</goal>
            </goals>
            <configuration>
              <transformers>
                <transformer />
                <transformer>
                  <mainClass />
                </transformer>
              </transformers>
            </configuration>
          </execution>
        </executions>
        <configuration>
          <createDependencyReducedPom>true</createDependencyReducedPom>
        </configuration>
      </plugin>
      <plugin>
        <artifactId>maven-surefire-plugin</artifactId>
        <version>2.12.4</version>
        <configuration>
          <includes>
            <include>**/*.class</include>
          </includes>
        </configuration>
      </plugin>
    </plugins>
  </build>
  <dependencies>
    <dependency>
      <groupId>junit</groupId>
      <artifactId>junit</artifactId>
      <version>4.11</version>
      <scope>test</scope>
      <exclusions>
        <exclusion>
          <artifactId>hamcrest-core</artifactId>
          <groupId>org.hamcrest</groupId>
        </exclusion>
      </exclusions>
    </dependency>
    <dependency>
      <groupId>org.apache.storm</groupId>
      <artifactId>storm-core</artifactId>
      <version>0.9.2-incubating</version>
      <scope>provided</scope>
      <exclusions>
        <exclusion>
          <artifactId>clojure</artifactId>
          <groupId>org.clojure</groupId>
        </exclusion>
        <exclusion>
          <artifactId>clj-time</artifactId>
          <groupId>clj-time</groupId>
        </exclusion>
        <exclusion>
          <artifactId>compojure</artifactId>
          <groupId>compojure</groupId>
        </exclusion>
        <exclusion>
          <artifactId>hiccup</artifactId>
          <groupId>hiccup</groupId>
        </exclusion>
        <exclusion>
          <artifactId>ring-devel</artifactId>
          <groupId>ring</groupId>
        </exclusion>
        <exclusion>
          <artifactId>ring-jetty-adapter</artifactId>
          <groupId>ring</groupId>
        </exclusion>
        <exclusion>
          <artifactId>tools.logging</artifactId>
          <groupId>org.clojure</groupId>
        </exclusion>
        <exclusion>
          <artifactId>math.numeric-tower</artifactId>
          <groupId>org.clojure</groupId>
        </exclusion>
        <exclusion>
          <artifactId>tools.cli</artifactId>
          <groupId>org.clojure</groupId>
        </exclusion>
        <exclusion>
          <artifactId>commons-exec</artifactId>
          <groupId>org.apache.commons</groupId>
        </exclusion>
        <exclusion>
          <artifactId>json-simple</artifactId>
          <groupId>com.googlecode.json-simple</groupId>
        </exclusion>
        <exclusion>
          <artifactId>carbonite</artifactId>
          <groupId>com.twitter</groupId>
        </exclusion>
        <exclusion>
          <artifactId>snakeyaml</artifactId>
          <groupId>org.yaml</groupId>
        </exclusion>
        <exclusion>
          <artifactId>disruptor</artifactId>
          <groupId>com.googlecode.disruptor</groupId>
        </exclusion>
        <exclusion>
          <artifactId>jgrapht-core</artifactId>
          <groupId>org.jgrapht</groupId>
        </exclusion>
        <exclusion>
          <artifactId>logback-classic</artifactId>
          <groupId>ch.qos.logback</groupId>
        </exclusion>
        <exclusion>
          <artifactId>log4j-over-slf4j</artifactId>
          <groupId>org.slf4j</groupId>
        </exclusion>
        <exclusion>
          <artifactId>netty</artifactId>
          <groupId>io.netty</groupId>
        </exclusion>
      </exclusions>
    </dependency>
  </dependencies>
  <properties>
    <project.build.sourceEncoding>UTF-8</project.build.sourceEncoding>
  </properties>
</project>

